,Date,Time,Home_Team,Home_Pts,Away_Team,Away_Points
0,2023-10-24,7:30p,LAL,107,DEN,119
0,2023-10-24,10:00p,PHO,108,GSW,104
0,2023-10-25,7:00p,HOU,86,ORL,116
0,2023-10-25,7:00p,BOS,108,NYK,104
0,2023-10-25,7:00p,WAS,120,IND,143
0,2023-10-25,7:00p,ATL,110,CHO,116
0,2023-10-25,7:30p,DET,102,MIA,103
0,2023-10-25,7:30p,MIN,94,TOR,97
0,2023-10-25,7:30p,CLE,114,BRK,113
0,2023-10-25,8:00p,NOP,111,MEM,104
0,2023-10-25,8:00p,OKC,124,CHI,104
0,2023-10-25,9:00p,SAC,130,UTA,114
0,2023-10-25,9:30p,DAL,126,SAS,119
0,2023-10-25,10:30p,POR,111,LAC,123
0,2023-10-26,7:30p,PHI,117,MIL,118
0,2023-10-26,10:00p,PHO,95,LAL,100
0,2023-10-27,7:00p,DEN,108,MEM,104
0,2023-10-27,7:00p,DET,111,CHO,99
0,2023-10-27,7:30p,NYK,126,ATL,120
0,2023-10-27,7:30p,OKC,108,CLE,105
0,2023-10-27,7:30p,MIA,111,BOS,119
0,2023-10-27,8:00p,TOR,103,CHI,104
0,2023-10-27,8:00p,HOU,122,SAS,126
0,2023-10-27,8:30p,BRK,120,DAL,125
0,2023-10-27,9:30p,LAC,118,UTA,120
0,2023-10-27,10:00p,ORL,102,POR,97
0,2023-10-27,10:00p,GSW,122,SAC,114
0,2023-10-28,7:00p,CHI,102,DET,118
0,2023-10-28,7:00p,MEM,106,WAS,113
0,2023-10-28,7:00p,NYK,87,NOP,96
0,2023-10-28,7:30p,IND,125,CLE,113
0,2023-10-28,7:30p,PHI,114,TOR,107
0,2023-10-28,8:00p,MIA,90,MIN,106
0,2023-10-28,10:00p,UTA,104,PHO,126
0,2023-10-29,3:30p,DEN,128,OKC,95
0,2023-10-29,7:00p,GSW,106,HOU,95
0,2023-10-29,7:00p,ATL,127,MIL,110
0,2023-10-29,7:30p,POR,98,PHI,126
0,2023-10-29,9:00p,SAS,83,LAC,123
0,2023-10-29,9:00p,LAL,127,SAC,132
0,2023-10-30,7:00p,CHI,112,IND,105
0,2023-10-30,7:00p,BOS,126,WAS,107
0,2023-10-30,7:00p,BRK,133,CHO,121
0,2023-10-30,7:30p,POR,99,TOR,91
0,2023-10-30,7:30p,MIN,113,ATL,127
0,2023-10-30,8:00p,DAL,125,MEM,110
0,2023-10-30,8:00p,MIA,114,MIL,122
0,2023-10-30,8:00p,GSW,130,NOP,102
0,2023-10-30,8:00p,DET,112,OKC,124
0,2023-10-30,9:00p,UTA,102,DEN,110
0,2023-10-30,10:30p,ORL,103,LAL,106
0,2023-10-31,7:30p,NYK,109,CLE,91
0,2023-10-31,10:00p,SAS,115,PHO,114
0,2023-10-31,10:30p,ORL,102,LAC,118
0,2023-11-01,7:00p,POR,110,DET,101
0,2023-11-01,7:00p,MIL,111,TOR,130
0,2023-11-01,7:30p,WAS,121,ATL,130
0,2023-11-01,7:30p,IND,104,BOS,155
0,2023-11-01,7:30p,BRK,109,MIA,105
0,2023-11-01,7:30p,CLE,95,NYK,89
0,2023-11-01,7:30p,NOP,110,OKC,106
0,2023-11-01,8:00p,CHO,119,HOU,128
0,2023-11-01,8:00p,DEN,89,MIN,110
0,2023-11-01,8:30p,CHI,105,DAL,114
0,2023-11-01,9:00p,MEM,109,UTA,133
0,2023-11-01,10:00p,SAC,101,GSW,102
0,2023-11-01,10:00p,LAC,125,LAL,130
0,2023-11-02,7:00p,TOR,99,PHI,114
0,2023-11-02,8:00p,DET,116,NOP,125
0,2023-11-02,9:00p,ORL,115,UTA,113
0,2023-11-02,10:00p,SAS,132,PHO,121
0,2023-11-03,7:00p,CLE,116,IND,121
0,2023-11-03,7:30p,NYK,105,MIL,110
0,2023-11-03,8:00p,BRK,109,CHI,107
0,2023-11-03,8:00p,WAS,114,MIA,121
0,2023-11-03,8:00p,GSW,141,OKC,139
0,2023-11-03,10:00p,DAL,114,DEN,125
0,2023-11-03,10:00p,MEM,113,POR,115
0,2023-11-04,1:00p,PHO,100,PHI,112
0,2023-11-04,7:00p,CHO,125,IND,124
0,2023-11-04,7:00p,ATL,123,NOP,105
0,2023-11-04,7:00p,LAL,101,ORL,120
0,2023-11-04,8:00p,BOS,124,BRK,114
0,2023-11-04,8:00p,SAC,89,HOU,107
0,2023-11-04,8:00p,UTA,95,MIN,123
0,2023-11-04,9:00p,CHI,101,DEN,123
0,2023-11-05,3:00p,PHO,120,DET,106
0,2023-11-05,3:30p,TOR,123,SAS,116
0,2023-11-05,6:00p,GSW,104,CLE,115
0,2023-11-05,7:30p,CHO,118,DAL,124
0,2023-11-05,9:00p,MEM,112,POR,100
0,2023-11-06,7:00p,GSW,120,DET,109
0,2023-11-06,7:00p,SAS,111,IND,152
0,2023-11-06,7:00p,DAL,117,ORL,102
0,2023-11-06,7:00p,WAS,128,PHI,146
0,2023-11-06,7:30p,MIL,129,BRK,125
0,2023-11-06,7:30p,LAL,107,MIA,108
0,2023-11-06,7:30p,LAC,97,NYK,111
0,2023-11-06,8:00p,UTA,113,CHI,130
0,2023-11-06,8:00p,SAC,97,HOU,122
0,2023-11-06,8:00p,BOS,109,MIN,114
0,2023-11-06,8:00p,ATL,117,OKC,126
0,2023-11-06,9:00p,NOP,116,DEN,134
0,2023-11-08,7:00p,WAS,132,CHO,116
0,2023-11-08,7:00p,UTA,118,IND,134
0,2023-11-08,7:00p,BOS,103,PHI,106
0,2023-11-08,7:30p,LAC,93,BRK,100
0,2023-11-08,7:30p,SAS,105,NYK,126
0,2023-11-08,8:00p,PHO,116,CHI,115
0,2023-11-08,8:00p,LAL,94,HOU,128
0,2023-11-08,8:00p,MIA,108,MEM,102
0,2023-11-08,8:00p,DET,118,MIL,120
0,2023-11-08,8:00p,NOP,101,MIN,122
0,2023-11-08,8:00p,CLE,120,OKC,128
0,2023-11-08,8:30p,TOR,127,DAL,116
0,2023-11-08,10:00p,GSW,105,DEN,108
0,2023-11-08,10:00p,POR,118,SAC,121
0,2023-11-09,7:00p,MIL,124,IND,126
0,2023-11-09,9:30p,ATL,120,ORL,119
0,2023-11-10,7:00p,PHI,114,DET,106
0,2023-11-10,7:00p,CHO,124,WAS,117
0,2023-11-10,7:30p,BRK,107,BOS,121
0,2023-11-10,8:00p,NOP,101,HOU,104
0,2023-11-10,8:00p,UTA,127,MEM,121
0,2023-11-10,8:00p,MIN,117,SAS,110
0,2023-11-10,8:30p,LAC,126,DAL,144
0,2023-11-10,10:00p,LAL,122,PHO,119
0,2023-11-10,10:00p,OKC,98,SAC,105
0,2023-11-11,6:00p,MIL,97,ORL,112
0,2023-11-11,7:00p,TOR,94,BOS,117
0,2023-11-11,7:30p,MIA,117,ATL,109
0,2023-11-11,8:30p,CLE,118,GSW,110
0,2023-11-12,12:00p,CHO,107,NYK,129
0,2023-11-12,3:00p,WAS,94,BRK,102
0,2023-11-12,3:30p,MEM,105,LAC,101
0,2023-11-12,6:00p,IND,126,PHI,137
0,2023-11-12,7:00p,DET,108,CHI,119
0,2023-11-12,7:00p,DEN,104,HOU,107
0,2023-11-12,7:00p,DAL,136,NOP,124
0,2023-11-12,7:00p,MIA,118,SAS,113
0,2023-11-12,8:00p,OKC,111,PHO,99
0,2023-11-12,8:30p,MIN,116,GSW,110
0,2023-11-12,10:00p,POR,110,LAL,116
0,2023-11-13,7:30p,NYK,98,BOS,114
0,2023-11-13,7:30p,WAS,107,TOR,111
0,2023-11-13,8:00p,CHI,109,MIL,118
0,2023-11-13,10:00p,CLE,120,SAC,132
0,2023-11-14,7:00p,MIA,111,CHO,105
0,2023-11-14,7:00p,ATL,126,DET,120
0,2023-11-14,7:00p,IND,132,PHI,126
0,2023-11-14,7:30p,ORL,104,BRK,124
0,2023-11-14,7:30p,SAS,87,OKC,123
0,2023-11-14,8:00p,DAL,110,NOP,131
0,2023-11-14,9:00p,POR,99,UTA,115
0,2023-11-14,10:00p,LAC,108,DEN,111
0,2023-11-14,10:00p,MIN,104,GSW,101
0,2023-11-14,10:30p,MEM,107,LAL,134
0,2023-11-15,7:00p,DAL,,WAS,
0,2023-11-15,7:30p,NYK,,ATL,
0,2023-11-15,7:30p,BOS,,PHI,
0,2023-11-15,7:30p,MIL,,TOR,
0,2023-11-15,8:00p,ORL,,CHI,
0,2023-11-15,9:00p,MIN,,PHO,
0,2023-11-15,10:00p,SAC,,LAL,
0,2023-11-15,10:00p,CLE,,POR,
0,2023-11-16,7:30p,BRK,,MIA,
0,2023-11-16,10:00p,OKC,,GSW,
0,2023-11-17,7:00p,MIL,,CHO,
0,2023-11-17,7:00p,NYK,,WAS,
0,2023-11-17,7:30p,PHI,,ATL,
0,2023-11-17,7:30p,DET,,CLE,
0,2023-11-17,7:30p,SAC,,SAS,
0,2023-11-17,7:30p,BOS,,TOR,
0,2023-11-17,8:00p,ORL,,CHI,
0,2023-11-17,8:00p,DEN,,NOP,
0,2023-11-17,10:00p,LAL,,POR,
0,2023-11-17,10:00p,PHO,,UTA,
0,2023-11-17,10:30p,HOU,,LAC,
0,2023-11-18,6:00p,NYK,,CHO,
0,2023-11-18,7:00p,MIN,,NOP,
0,2023-11-18,8:00p,MIA,,CHI,
0,2023-11-18,8:00p,DAL,,MIL,
0,2023-11-18,8:00p,MEM,,SAS,
0,2023-11-18,8:30p,OKC,,GSW,
0,2023-11-19,3:00p,PHI,,BRK,
0,2023-11-19,4:00p,DET,,TOR,
0,2023-11-19,5:00p,ORL,,IND,
0,2023-11-19,6:00p,DEN,,CLE,
0,2023-11-19,7:30p,SAC,,DAL,
0,2023-11-19,8:00p,BOS,,MEM,
0,2023-11-19,8:00p,PHO,,UTA,
0,2023-11-19,9:00p,OKC,,POR,
0,2023-11-19,9:30p,HOU,,LAL,
0,2023-11-20,7:00p,BOS,,CHO,
0,2023-11-20,7:00p,DEN,,DET,
0,2023-11-20,7:00p,MIL,,WAS,
0,2023-11-20,8:00p,MIA,,CHI,
0,2023-11-20,8:00p,NYK,,MIN,
0,2023-11-20,8:00p,SAC,,NOP,
0,2023-11-20,8:00p,LAC,,SAS,
0,2023-11-20,10:00p,HOU,,GSW,
0,2023-11-21,7:00p,TOR,,ORL,
0,2023-11-21,7:30p,IND,,ATL,
0,2023-11-21,7:30p,CLE,,PHI,
0,2023-11-21,9:00p,POR,,PHO,
0,2023-11-21,10:00p,UTA,,LAL,
0,2023-11-22,7:00p,WAS,,CHO,
0,2023-11-22,7:00p,DEN,,ORL,
0,2023-11-22,7:30p,BRK,,ATL,
0,2023-11-22,7:30p,MIL,,BOS,
0,2023-11-22,7:30p,MIA,,CLE,
0,2023-11-22,7:30p,TOR,,IND,
0,2023-11-22,8:00p,MEM,,HOU,
0,2023-11-22,8:00p,PHI,,MIN,
0,2023-11-22,8:00p,SAC,,NOP,
0,2023-11-22,8:00p,CHI,,OKC,
0,2023-11-22,8:00p,LAC,,SAS,
0,2023-11-22,10:00p,GSW,,PHO,
0,2023-11-22,10:00p,UTA,,POR,
0,2023-11-22,10:30p,DAL,,LAL,
0,2023-11-24,2:30p,BOS,,ORL,
0,2023-11-24,5:00p,PHO,,MEM,
0,2023-11-24,7:30p,MIA,,NYK,
0,2023-11-24,7:30p,CHI,,TOR,
0,2023-11-24,8:00p,DEN,,HOU,
0,2023-11-24,8:00p,DET,,IND,
0,2023-11-24,8:00p,WAS,,MIL,
0,2023-11-24,8:00p,SAC,,MIN,
0,2023-11-24,10:00p,SAS,,GSW,
0,2023-11-24,10:30p,NOP,,LAC,
0,2023-11-25,5:00p,PHI,,OKC,
0,2023-11-25,6:00p,MIA,,BRK,
0,2023-11-25,7:00p,ATL,,WAS,
0,2023-11-25,7:30p,LAL,,CLE,
0,2023-11-25,9:30p,NOP,,UTA,
0,2023-11-25,10:30p,DAL,,LAC,
0,2023-11-26,3:30p,POR,,MIL,
0,2023-11-26,6:00p,ATL,,BOS,
0,2023-11-26,6:00p,MIN,,MEM,
0,2023-11-26,6:00p,PHO,,NYK,
0,2023-11-26,6:00p,CHO,,ORL,
0,2023-11-26,7:30p,CHI,,BRK,
0,2023-11-26,7:30p,TOR,,CLE,
0,2023-11-26,8:00p,SAS,,DEN,
0,2023-11-27,7:00p,WAS,,DET,
0,2023-11-27,7:00p,POR,,IND,
0,2023-11-27,7:00p,LAL,,PHI,
0,2023-11-27,9:00p,NOP,,UTA,
0,2023-11-27,10:30p,DEN,,LAC,
0,2023-11-28,7:30p,CHI,,BOS,
0,2023-11-28,7:30p,TOR,,BRK,
0,2023-11-28,7:30p,ATL,,CLE,
0,2023-11-28,7:30p,MIL,,MIA,
0,2023-11-28,7:30p,CHO,,NYK,
0,2023-11-28,8:00p,OKC,,MIN,
0,2023-11-28,8:30p,HOU,,DAL,
0,2023-11-28,10:00p,GSW,,SAC,
0,2023-11-29,7:00p,LAL,,DET,
0,2023-11-29,7:00p,WAS,,ORL,
0,2023-11-29,7:30p,PHO,,TOR,
0,2023-11-29,8:00p,UTA,,MEM,
0,2023-11-29,8:00p,PHI,,NOP,
0,2023-11-29,9:00p,HOU,,DEN,
0,2023-11-29,10:00p,LAC,,SAC,
0,2023-11-30,7:00p,POR,,CLE,
0,2023-11-30,7:30p,CHO,,BRK,
0,2023-11-30,7:30p,IND,,MIA,
0,2023-11-30,7:30p,DET,,NYK,
0,2023-11-30,8:00p,MIL,,CHI,
0,2023-11-30,8:00p,UTA,,MIN,
0,2023-11-30,8:00p,LAL,,OKC,
0,2023-11-30,8:00p,ATL,,SAS,
0,2023-11-30,10:00p,LAC,,GSW,
0,2023-12-01,7:00p,WAS,,ORL,
0,2023-12-01,7:30p,PHI,,BOS,
0,2023-12-01,7:30p,MEM,,DAL,
0,2023-12-01,7:30p,NYK,,TOR,
0,2023-12-01,8:00p,SAS,,NOP,
0,2023-12-01,10:00p,DEN,,PHO,
0,2023-12-02,4:00p,GSW,,LAC,
0,2023-12-02,5:00p,MIN,,CHO,
0,2023-12-02,7:00p,ORL,,BRK,
0,2023-12-02,7:00p,CLE,,DET,
0,2023-12-02,8:00p,NOP,,CHI,
0,2023-12-02,8:00p,IND,,MIA,
0,2023-12-02,8:00p,ATL,,MIL,
0,2023-12-02,9:00p,OKC,,DAL,
0,2023-12-02,9:00p,MEM,,PHO,
0,2023-12-02,9:30p,POR,,UTA,
0,2023-12-02,10:00p,DEN,,SAC,
0,2023-12-02,10:30p,HOU,,LAL,
0,2023-12-11,7:00p,MIA,,CHO,
0,2023-12-11,7:00p,IND,,DET,
0,2023-12-11,7:00p,CLE,,ORL,
0,2023-12-11,7:00p,WAS,,PHI,
0,2023-12-11,7:30p,DEN,,ATL,
0,2023-12-11,7:30p,TOR,,NYK,
0,2023-12-11,8:00p,SAS,,HOU,
0,2023-12-11,8:00p,DAL,,MEM,
0,2023-12-11,8:00p,CHI,,MIL,
0,2023-12-11,8:00p,MIN,,NOP,
0,2023-12-11,8:00p,UTA,,OKC,
0,2023-12-11,10:00p,BRK,,SAC,
0,2023-12-11,10:30p,POR,,LAC,
0,2023-12-12,7:30p,CLE,,BOS,
0,2023-12-12,7:30p,LAL,,DAL,
0,2023-12-12,8:00p,DEN,,CHI,
0,2023-12-12,10:00p,GSW,,PHO,
0,2023-12-12,10:30p,SAC,,LAC,
0,2023-12-13,7:00p,PHI,,DET,
0,2023-12-13,7:00p,NOP,,WAS,
0,2023-12-13,7:30p,CHO,,MIA,
0,2023-12-13,7:30p,ATL,,TOR,
0,2023-12-13,8:00p,MEM,,HOU,
0,2023-12-13,8:00p,IND,,MIL,
0,2023-12-13,8:00p,LAL,,SAS,
0,2023-12-13,9:00p,BRK,,PHO,
0,2023-12-13,9:00p,NYK,,UTA,
0,2023-12-14,7:30p,CLE,,BOS,
0,2023-12-14,7:30p,CHI,,MIA,
0,2023-12-14,8:30p,MIN,,DAL,
0,2023-12-14,9:00p,BRK,,DEN,
0,2023-12-14,10:00p,UTA,,POR,
0,2023-12-14,10:00p,OKC,,SAC,
0,2023-12-14,10:30p,GSW,,LAC,
0,2023-12-15,7:00p,NOP,,CHO,
0,2023-12-15,7:00p,DET,,PHI,
0,2023-12-15,7:00p,IND,,WAS,
0,2023-12-15,7:30p,ORL,,BOS,
0,2023-12-15,7:30p,LAL,,SAS,
0,2023-12-15,7:30p,ATL,,TOR,
0,2023-12-15,8:00p,HOU,,MEM,
0,2023-12-15,10:00p,NYK,,PHO,
0,2023-12-16,6:00p,DET,,MIL,
0,2023-12-16,7:00p,PHI,,CHO,
0,2023-12-16,7:30p,ATL,,CLE,
0,2023-12-16,8:00p,CHI,,MIA,
0,2023-12-16,8:00p,IND,,MIN,
0,2023-12-16,8:30p,BRK,,GSW,
0,2023-12-16,9:00p,OKC,,DEN,
0,2023-12-16,9:00p,DAL,,POR,
0,2023-12-16,10:00p,UTA,,SAC,
0,2023-12-16,10:30p,NYK,,LAC,
0,2023-12-17,3:00p,ORL,,BOS,
0,2023-12-17,3:30p,NOP,,SAS,
0,2023-12-17,7:00p,HOU,,MIL,
0,2023-12-17,8:00p,WAS,,PHO,
0,2023-12-17,9:00p,GSW,,POR,
0,2023-12-18,7:00p,HOU,,CLE,
0,2023-12-18,7:00p,LAC,,IND,
0,2023-12-18,7:00p,CHI,,PHI,
0,2023-12-18,7:30p,DET,,ATL,
0,2023-12-18,7:30p,MIN,,MIA,
0,2023-12-18,7:30p,CHO,,TOR,
0,2023-12-18,8:00p,MEM,,OKC,
0,2023-12-18,9:00p,DAL,,DEN,
0,2023-12-18,9:00p,BRK,,UTA,
0,2023-12-18,10:00p,WAS,,SAC,
0,2023-12-18,10:30p,NYK,,LAL,
0,2023-12-19,7:30p,MEM,,NOP,
0,2023-12-19,8:00p,SAS,,MIL,
0,2023-12-19,10:00p,BOS,,GSW,
0,2023-12-19,10:00p,PHO,,POR,
0,2023-12-20,7:00p,UTA,,CLE,
0,2023-12-20,7:00p,CHO,,IND,
0,2023-12-20,7:00p,MIA,,ORL,
0,2023-12-20,7:00p,MIN,,PHI,
0,2023-12-20,7:30p,NYK,,BRK,
0,2023-12-20,7:30p,DEN,,TOR,
0,2023-12-20,8:00p,LAL,,CHI,
0,2023-12-20,8:00p,ATL,,HOU,
0,2023-12-20,8:30p,LAC,,DAL,
0,2023-12-20,10:00p,BOS,,SAC,
0,2023-12-21,7:00p,UTA,,DET,
0,2023-12-21,7:30p,NOP,,CLE,
0,2023-12-21,8:00p,SAS,,CHI,
0,2023-12-21,8:00p,IND,,MEM,
0,2023-12-21,8:00p,ORL,,MIL,
0,2023-12-21,8:00p,LAC,,OKC,
0,2023-12-21,9:00p,LAL,,MIN,
0,2023-12-21,10:00p,WAS,,POR,
0,2023-12-22,6:30p,DEN,,BRK,
0,2023-12-22,7:00p,TOR,,PHI,
0,2023-12-22,8:00p,DAL,,HOU,
0,2023-12-22,8:00p,ATL,,MIA,
0,2023-12-22,10:00p,WAS,,GSW,
0,2023-12-22,10:00p,PHO,,SAC,
0,2023-12-23,12:30p,MIL,,NYK,
0,2023-12-23,3:30p,BOS,,LAC,
0,2023-12-23,7:00p,DEN,,CHO,
0,2023-12-23,7:00p,ORL,,IND,
0,2023-12-23,7:00p,HOU,,NOP,
0,2023-12-23,7:30p,MEM,,ATL,
0,2023-12-23,7:30p,DET,,BRK,
0,2023-12-23,7:30p,UTA,,TOR,
0,2023-12-23,8:00p,CLE,,CHI,
0,2023-12-23,8:00p,LAL,,OKC,
0,2023-12-23,8:30p,SAS,,DAL,
0,2023-12-23,8:30p,POR,,GSW,
0,2023-12-23,10:00p,MIN,,SAC,
0,2023-12-25,12:00p,MIL,,NYK,
0,2023-12-25,2:30p,GSW,,DEN,
0,2023-12-25,5:00p,BOS,,LAL,
0,2023-12-25,8:00p,PHI,,MIA,
0,2023-12-25,10:30p,DAL,,PHO,
0,2023-12-26,7:00p,BRK,,DET,
0,2023-12-26,7:00p,ORL,,WAS,
0,2023-12-26,8:00p,ATL,,CHI,
0,2023-12-26,8:00p,IND,,HOU,
0,2023-12-26,8:00p,MEM,,NOP,
0,2023-12-26,8:00p,MIN,,OKC,
0,2023-12-26,8:00p,UTA,,SAS,
0,2023-12-26,10:00p,SAC,,POR,
0,2023-12-26,10:30p,CHO,,LAC,
0,2023-12-27,7:00p,PHI,,ORL,
0,2023-12-27,7:00p,TOR,,WAS,
0,2023-12-27,7:30p,MIL,,BRK,
0,2023-12-27,8:00p,PHO,,HOU,
0,2023-12-27,8:00p,NYK,,OKC,
0,2023-12-27,8:30p,CLE,,DAL,
0,2023-12-28,7:30p,DET,,BOS,
0,2023-12-28,8:00p,IND,,CHI,
0,2023-12-28,8:00p,DAL,,MIN,
0,2023-12-28,8:00p,UTA,,NOP,
0,2023-12-28,9:00p,MEM,,DEN,
0,2023-12-28,10:00p,MIA,,GSW,
0,2023-12-28,10:00p,SAS,,POR,
0,2023-12-28,10:30p,CHO,,LAL,
0,2023-12-29,7:00p,NYK,,ORL,
0,2023-12-29,7:00p,BRK,,WAS,
0,2023-12-29,7:30p,SAC,,ATL,
0,2023-12-29,7:30p,TOR,,BOS,
0,2023-12-29,7:30p,MIL,,CLE,
0,2023-12-29,8:00p,PHI,,HOU,
0,2023-12-29,9:00p,OKC,,DEN,
0,2023-12-29,9:00p,CHO,,PHO,
0,2023-12-29,10:00p,SAS,,POR,
0,2023-12-29,10:30p,MEM,,LAC,
0,2023-12-30,5:00p,MIA,,UTA,
0,2023-12-30,6:00p,TOR,,DET,
0,2023-12-30,7:00p,NYK,,IND,
0,2023-12-30,8:00p,PHI,,CHI,
0,2023-12-30,8:00p,LAL,,MIN,
0,2023-12-30,8:30p,DAL,,GSW,
0,2023-12-31,3:00p,ATL,,WAS,
0,2023-12-31,7:00p,LAL,,NOP,
0,2023-12-31,7:00p,BRK,,OKC,
0,2023-12-31,7:00p,BOS,,SAS,
0,2023-12-31,8:00p,SAC,,MEM,
0,2023-12-31,8:00p,ORL,,PHO,
0,2024-01-01,3:00p,MIN,,NYK,
0,2024-01-01,7:30p,CLE,,TOR,
0,2024-01-01,8:00p,DET,,HOU,
0,2024-01-01,8:00p,IND,,MIL,
0,2024-01-01,9:00p,CHO,,DEN,
0,2024-01-01,9:00p,POR,,PHO,
0,2024-01-01,9:00p,DAL,,UTA,
0,2024-01-01,10:30p,MIA,,LAC,
0,2024-01-02,7:00p,CHI,,PHI,
0,2024-01-02,8:00p,SAS,,MEM,
0,2024-01-02,8:00p,BRK,,NOP,
0,2024-01-02,8:00p,BOS,,OKC,
0,2024-01-02,10:00p,ORL,,GSW,
0,2024-01-02,10:00p,CHO,,SAC,
0,2024-01-03,7:00p,WAS,,CLE,
0,2024-01-03,7:00p,MIL,,IND,
0,2024-01-03,7:30p,OKC,,ATL,
0,2024-01-03,8:00p,BRK,,HOU,
0,2024-01-03,8:00p,TOR,,MEM,
0,2024-01-03,8:00p,NOP,,MIN,
0,2024-01-03,8:30p,POR,,DAL,
0,2024-01-03,8:30p,CHI,,NYK,
0,2024-01-03,9:00p,LAC,,PHO,
0,2024-01-03,9:00p,DET,,UTA,
0,2024-01-03,10:00p,MIA,,LAL,
0,2024-01-03,10:00p,ORL,,SAC,
0,2024-01-04,7:30p,MIL,,SAS,
0,2024-01-04,10:00p,DEN,,GSW,
0,2024-01-05,7:00p,UTA,,BOS,
0,2024-01-05,7:00p,ATL,,IND,
0,2024-01-05,7:30p,OKC,,BRK,
0,2024-01-05,7:30p,WAS,,CLE,
0,2024-01-05,7:30p,NYK,,PHI,
0,2024-01-05,8:00p,CHO,,CHI,
0,2024-01-05,8:00p,MIN,,HOU,
0,2024-01-05,8:00p,LAC,,NOP,
0,2024-01-05,8:30p,POR,,DAL,
0,2024-01-05,9:00p,ORL,,DEN,
0,2024-01-05,9:00p,MIA,,PHO,
0,2024-01-05,10:00p,DET,,GSW,
0,2024-01-05,10:00p,MEM,,LAL,
0,2024-01-05,10:00p,TOR,,SAC,
0,2024-01-06,7:00p,BOS,,IND,
0,2024-01-06,7:00p,NYK,,WAS,
0,2024-01-06,7:30p,UTA,,PHI,
0,2024-01-06,8:00p,MIL,,HOU,
0,2024-01-07,1:00p,SAS,,CLE,
0,2024-01-07,3:00p,POR,,BRK,
0,2024-01-07,6:00p,ATL,,ORL,
0,2024-01-07,6:00p,NOP,,SAC,
0,2024-01-07,7:30p,MIN,,DAL,
0,2024-01-07,8:00p,DET,,DEN,
0,2024-01-07,8:00p,MEM,,PHO,
0,2024-01-07,8:30p,TOR,,GSW,
0,2024-01-07,9:30p,LAC,,LAL,
0,2024-01-08,7:00p,CHI,,CHO,
0,2024-01-08,7:00p,BOS,,IND,
0,2024-01-08,7:00p,OKC,,WAS,
0,2024-01-08,7:30p,HOU,,MIA,
0,2024-01-08,8:00p,UTA,,MIL,
0,2024-01-08,10:30p,PHO,,LAC,
0,2024-01-09,7:00p,SAC,,DET,
0,2024-01-09,7:00p,MIN,,ORL,
0,2024-01-09,7:30p,POR,,NYK,
0,2024-01-09,8:30p,MEM,,DAL,
0,2024-01-09,10:30p,TOR,,LAL,
0,2024-01-10,7:00p,MIN,,BOS,
0,2024-01-10,7:00p,SAC,,CHO,
0,2024-01-10,7:00p,SAS,,DET,
0,2024-01-10,7:00p,WAS,,IND,
0,2024-01-10,7:30p,PHI,,ATL,
0,2024-01-10,7:30p,OKC,,MIA,
0,2024-01-10,8:00p,HOU,,CHI,
0,2024-01-10,8:30p,NOP,,GSW,
0,2024-01-10,10:00p,DEN,,UTA,
0,2024-01-10,10:30p,TOR,,LAC,
0,2024-01-11,2:00p,BRK,,CLE,
0,2024-01-11,7:30p,BOS,,MIL,
0,2024-01-11,8:00p,POR,,OKC,
0,2024-01-11,8:30p,NYK,,DAL,
0,2024-01-11,10:00p,PHO,,LAL,
0,2024-01-12,7:00p,SAC,,PHI,
0,2024-01-12,7:30p,IND,,ATL,
0,2024-01-12,7:30p,HOU,,DET,
0,2024-01-12,8:00p,GSW,,CHI,
0,2024-01-12,8:00p,LAC,,MEM,
0,2024-01-12,8:00p,ORL,,MIA,
0,2024-01-12,8:00p,POR,,MIN,
0,2024-01-12,9:00p,NOP,,DEN,
0,2024-01-12,9:30p,TOR,,UTA,
0,2024-01-12,10:00p,CHO,,SAS,
0,2024-01-13,7:00p,HOU,,BOS,
0,2024-01-13,7:30p,WAS,,ATL,
0,2024-01-13,8:00p,NYK,,MEM,
0,2024-01-13,8:00p,GSW,,MIL,
0,2024-01-13,8:00p,ORL,,OKC,
0,2024-01-13,8:30p,NOP,,DAL,
0,2024-01-13,8:30p,CHI,,SAS,
0,2024-01-13,9:30p,LAL,,UTA,
0,2024-01-14,3:30p,IND,,DEN,
0,2024-01-14,6:00p,CHO,,MIA,
0,2024-01-14,7:00p,SAC,,MIL,
0,2024-01-14,7:00p,LAC,,MIN,
0,2024-01-14,9:00p,PHO,,POR,
0,2024-01-15,1:00p,HOU,,PHI,
0,2024-01-15,2:30p,NOP,,DAL,
0,2024-01-15,3:00p,ORL,,NYK,
0,2024-01-15,3:00p,DET,,WAS,
0,2024-01-15,3:30p,SAS,,ATL,
0,2024-01-15,6:00p,GSW,,MEM,
0,2024-01-15,7:00p,CHI,,CLE,
0,2024-01-15,7:30p,MIA,,BRK,
0,2024-01-15,7:30p,BOS,,TOR,
0,2024-01-15,9:00p,IND,,UTA,
0,2024-01-15,10:30p,OKC,,LAL,
0,2024-01-16,7:30p,DEN,,PHI,
0,2024-01-16,9:00p,SAC,,PHO,
0,2024-01-16,10:00p,OKC,,LAC,
0,2024-01-17,7:00p,MIN,,DET,
0,2024-01-17,7:30p,ORL,,ATL,
0,2024-01-17,7:30p,SAS,,BOS,
0,2024-01-17,7:30p,MIL,,CLE,
0,2024-01-17,7:30p,HOU,,NYK,
0,2024-01-17,7:30p,MIA,,TOR,
0,2024-01-17,8:00p,CHO,,NOP,
0,2024-01-17,8:30p,DAL,,LAL,
0,2024-01-17,9:00p,GSW,,UTA,
0,2024-01-17,10:00p,BRK,,POR,
0,2024-01-18,7:30p,WAS,,NYK,
0,2024-01-18,7:30p,CHI,,TOR,
0,2024-01-18,9:00p,OKC,,UTA,
0,2024-01-18,10:00p,MEM,,MIN,
0,2024-01-18,10:00p,IND,,SAC,
0,2024-01-19,7:00p,SAS,,CHO,
0,2024-01-19,7:00p,PHI,,ORL,
0,2024-01-19,7:30p,DEN,,BOS,
0,2024-01-19,8:00p,ATL,,MIA,
0,2024-01-19,8:00p,PHO,,NOP,
0,2024-01-19,10:00p,DAL,,GSW,
0,2024-01-19,10:00p,IND,,POR,
0,2024-01-19,10:30p,BRK,,LAL,
0,2024-01-20,3:00p,MIL,,DET,
0,2024-01-20,7:00p,PHI,,CHO,
0,2024-01-20,7:00p,SAS,,WAS,
0,2024-01-20,7:30p,CLE,,ATL,
0,2024-01-20,7:30p,TOR,,NYK,
0,2024-01-20,8:00p,MEM,,CHI,
0,2024-01-20,8:00p,UTA,,HOU,
0,2024-01-20,8:00p,OKC,,MIN,
0,2024-01-21,3:30p,BRK,,LAC,
0,2024-01-21,6:00p,MIA,,ORL,
0,2024-01-21,6:00p,DEN,,WAS,
0,2024-01-21,7:00p,BOS,,HOU,
0,2024-01-21,8:00p,IND,,PHO,
0,2024-01-21,10:00p,POR,,LAL,
0,2024-01-22,7:00p,MIL,,DET,
0,2024-01-22,7:00p,CLE,,ORL,
0,2024-01-22,7:00p,SAS,,PHI,
0,2024-01-22,7:30p,MEM,,TOR,
0,2024-01-22,8:00p,CHO,,MIN,
0,2024-01-22,8:30p,BOS,,DAL,
0,2024-01-22,9:00p,CHI,,PHO,
0,2024-01-22,10:00p,ATL,,SAC,
0,2024-01-23,7:00p,DEN,,IND,
0,2024-01-23,7:30p,NYK,,BRK,
0,2024-01-23,8:00p,UTA,,NOP,
0,2024-01-23,8:00p,POR,,OKC,
0,2024-01-23,10:00p,LAL,,LAC,
0,2024-01-24,7:00p,CHO,,DET,
0,2024-01-24,7:00p,MIN,,WAS,
0,2024-01-24,7:30p,MEM,,MIA,
0,2024-01-24,8:00p,POR,,HOU,
0,2024-01-24,8:00p,CLE,,MIL,
0,2024-01-24,8:30p,OKC,,SAS,
0,2024-01-24,9:30p,PHO,,DAL,
0,2024-01-24,10:00p,ATL,,GSW,
0,2024-01-25,7:00p,PHI,,IND,
0,2024-01-25,7:00p,UTA,,WAS,
0,2024-01-25,7:30p,MIN,,BRK,
0,2024-01-25,7:30p,BOS,,MIA,
0,2024-01-25,7:30p,DEN,,NYK,
0,2024-01-25,10:00p,SAC,,GSW,
0,2024-01-25,10:30p,CHI,,LAL,
0,2024-01-26,7:00p,DAL,,ATL,
0,2024-01-26,7:00p,HOU,,CHO,
0,2024-01-26,7:00p,PHO,,IND,
0,2024-01-26,7:30p,LAC,,TOR,
0,2024-01-26,8:00p,ORL,,MEM,
0,2024-01-26,8:00p,CLE,,MIL,
0,2024-01-26,8:00p,OKC,,NOP,
0,2024-01-26,9:30p,POR,,SAS,
0,2024-01-27,12:00p,WAS,,DET,
0,2024-01-27,3:00p,MIA,,NYK,
0,2024-01-27,5:30p,PHI,,DEN,
0,2024-01-27,6:00p,HOU,,BRK,
0,2024-01-27,7:00p,LAC,,BOS,
0,2024-01-27,7:00p,UTA,,CHO,
0,2024-01-27,8:00p,NOP,,MIL,
0,2024-01-27,8:30p,LAL,,GSW,
0,2024-01-27,8:30p,MIN,,SAS,
0,2024-01-27,9:00p,SAC,,DAL,
0,2024-01-28,3:30p,MEM,,IND,
0,2024-01-28,6:00p,TOR,,ATL,
0,2024-01-28,6:00p,OKC,,DET,
0,2024-01-28,6:00p,PHO,,ORL,
0,2024-01-28,9:00p,CHI,,POR,
0,2024-01-29,7:00p,NYK,,CHO,
0,2024-01-29,7:00p,LAC,,CLE,
0,2024-01-29,7:30p,NOP,,BOS,
0,2024-01-29,7:30p,UTA,,BRK,
0,2024-01-29,7:30p,PHO,,MIA,
0,2024-01-29,8:00p,LAL,,HOU,
0,2024-01-29,8:00p,SAC,,MEM,
0,2024-01-29,8:00p,MIN,,OKC,
0,2024-01-29,8:00p,WAS,,SAS,
0,2024-01-29,8:30p,ORL,,DAL,
0,2024-01-29,9:00p,MIL,,DEN,
0,2024-01-29,10:00p,PHI,,POR,
0,2024-01-30,7:30p,LAL,,ATL,
0,2024-01-30,7:30p,IND,,BOS,
0,2024-01-30,7:30p,UTA,,NYK,
0,2024-01-30,8:00p,TOR,,CHI,
0,2024-01-30,10:00p,PHI,,GSW,
0,2024-01-31,7:00p,CHI,,CHO,
0,2024-01-31,7:00p,DET,,CLE,
0,2024-01-31,7:00p,LAC,,WAS,
0,2024-01-31,7:30p,SAC,,MIA,
0,2024-01-31,8:00p,NOP,,HOU,
0,2024-01-31,8:00p,DAL,,MIN,
0,2024-01-31,8:00p,DEN,,OKC,
0,2024-01-31,8:00p,ORL,,SAS,
0,2024-01-31,8:30p,PHO,,BRK,
0,2024-01-31,10:00p,MIL,,POR,
0,2024-02-01,7:30p,LAL,,BOS,
0,2024-02-01,7:30p,IND,,NYK,
0,2024-02-01,9:00p,PHI,,UTA,
0,2024-02-01,10:00p,CLE,,MEM,
0,2024-02-02,7:00p,LAC,,DET,
0,2024-02-02,7:00p,MIA,,WAS,
0,2024-02-02,7:30p,PHO,,ATL,
0,2024-02-02,7:30p,SAC,,IND,
0,2024-02-02,8:00p,TOR,,HOU,
0,2024-02-02,8:00p,GSW,,MEM,
0,2024-02-02,8:00p,ORL,,MIN,
0,2024-02-02,8:00p,CHO,,OKC,
0,2024-02-02,8:00p,NOP,,SAS,
0,2024-02-02,9:00p,POR,,DEN,
0,2024-02-03,6:00p,BRK,,PHI,
0,2024-02-03,7:30p,GSW,,ATL,
0,2024-02-03,8:00p,SAC,,CHI,
0,2024-02-03,8:30p,MIL,,DAL,
0,2024-02-03,8:30p,LAL,,NYK,
0,2024-02-03,8:30p,CLE,,SAS,
0,2024-02-04,3:00p,ORL,,DET,
0,2024-02-04,3:30p,PHO,,WAS,
0,2024-02-04,6:00p,MEM,,BOS,
0,2024-02-04,6:00p,IND,,CHO,
0,2024-02-04,6:00p,LAC,,MIA,
0,2024-02-04,7:00p,HOU,,MIN,
0,2024-02-04,7:00p,TOR,,OKC,
0,2024-02-04,8:00p,MIL,,UTA,
0,2024-02-04,8:30p,POR,,DEN,
0,2024-02-05,7:00p,LAL,,CHO,
0,2024-02-05,7:00p,SAC,,CLE,
0,2024-02-05,7:00p,DAL,,PHI,
0,2024-02-05,7:30p,LAC,,ATL,
0,2024-02-05,7:30p,GSW,,BRK,
0,2024-02-05,8:00p,TOR,,NOP,
0,2024-02-06,7:00p,HOU,,IND,
0,2024-02-06,7:30p,DAL,,BRK,
0,2024-02-06,7:30p,ORL,,MIA,
0,2024-02-06,7:30p,MEM,,NYK,
0,2024-02-06,8:00p,MIN,,CHI,
0,2024-02-06,9:00p,OKC,,UTA,
0,2024-02-06,10:00p,MIL,,PHO,
0,2024-02-07,7:00p,TOR,,CHO,
0,2024-02-07,7:00p,GSW,,PHI,
0,2024-02-07,7:00p,CLE,,WAS,
0,2024-02-07,7:30p,ATL,,BOS,
0,2024-02-07,7:30p,SAS,,MIA,
0,2024-02-07,10:00p,NOP,,LAC,
0,2024-02-07,10:00p,DET,,SAC,
0,2024-02-08,7:00p,GSW,,IND,
0,2024-02-08,7:00p,SAS,,ORL,
0,2024-02-08,7:30p,CLE,,BRK,
0,2024-02-08,7:30p,DAL,,NYK,
0,2024-02-08,8:00p,CHI,,MEM,
0,2024-02-08,8:00p,MIN,,MIL,
0,2024-02-08,9:00p,UTA,,PHO,
0,2024-02-08,10:00p,DEN,,LAL,
0,2024-02-08,10:00p,DET,,POR,
0,2024-02-09,7:00p,ATL,,PHI,
0,2024-02-09,7:30p,WAS,,BOS,
0,2024-02-09,7:30p,HOU,,TOR,
0,2024-02-09,8:00p,CHO,,MIL,
0,2024-02-09,10:00p,DEN,,SAC,
0,2024-02-09,10:30p,NOP,,LAL,
0,2024-02-10,3:00p,OKC,,DAL,
0,2024-02-10,3:30p,DET,,LAC,
0,2024-02-10,6:00p,SAS,,BRK,
0,2024-02-10,7:00p,MEM,,CHO,
0,2024-02-10,7:00p,CHI,,ORL,
0,2024-02-10,7:00p,PHI,,WAS,
0,2024-02-10,7:30p,HOU,,ATL,
0,2024-02-10,7:30p,IND,,NYK,
0,2024-02-10,7:30p,CLE,,TOR,
0,2024-02-10,8:30p,PHO,,GSW,
0,2024-02-10,10:00p,NOP,,POR,
0,2024-02-11,2:00p,BOS,,MIA,
0,2024-02-11,3:00p,SAC,,OKC,
0,2024-02-12,7:00p,IND,,CHO,
0,2024-02-12,7:00p,PHI,,CLE,
0,2024-02-12,7:30p,CHI,,ATL,
0,2024-02-12,7:30p,SAS,,TOR,
0,2024-02-12,8:00p,NYK,,HOU,
0,2024-02-12,8:00p,NOP,,MEM,
0,2024-02-12,8:00p,DEN,,MIL,
0,2024-02-12,8:30p,WAS,,DAL,
0,2024-02-12,9:00p,GSW,,UTA,
0,2024-02-12,10:30p,MIN,,LAC,
0,2024-02-13,7:30p,BOS,,BRK,
0,2024-02-13,7:30p,OKC,,ORL,
0,2024-02-13,8:00p,MIA,,MIL,
0,2024-02-13,10:00p,SAC,,PHO,
0,2024-02-13,10:00p,MIN,,POR,
0,2024-02-13,10:30p,DET,,LAL,
0,2024-02-14,7:00p,ATL,,CHO,
0,2024-02-14,7:00p,NYK,,ORL,
0,2024-02-14,7:00p,MIA,,PHI,
0,2024-02-14,7:30p,BRK,,BOS,
0,2024-02-14,7:30p,CHI,,CLE,
0,2024-02-14,7:30p,IND,,TOR,
0,2024-02-14,8:00p,HOU,,MEM,
0,2024-02-14,8:00p,WAS,,NOP,
0,2024-02-14,8:30p,SAS,,DAL,
0,2024-02-14,9:00p,SAC,,DEN,
0,2024-02-14,9:00p,DET,,PHO,
0,2024-02-14,9:00p,LAL,,UTA,
0,2024-02-14,10:00p,LAC,,GSW,
0,2024-02-15,8:30p,MIL,,MEM,
0,2024-02-15,10:00p,MIN,,POR,
0,2024-02-22,7:00p,ORL,,CLE,
0,2024-02-22,7:00p,DET,,IND,
0,2024-02-22,7:00p,NYK,,PHI,
0,2024-02-22,7:00p,BRK,,TOR,
0,2024-02-22,7:30p,PHO,,DAL,
0,2024-02-22,8:00p,BOS,,CHI,
0,2024-02-22,8:00p,HOU,,NOP,
0,2024-02-22,8:00p,LAC,,OKC,
0,2024-02-22,9:00p,WAS,,DEN,
0,2024-02-22,9:00p,CHO,,UTA,
0,2024-02-22,10:00p,LAL,,GSW,
0,2024-02-22,10:00p,SAS,,SAC,
0,2024-02-23,7:30p,TOR,,ATL,
0,2024-02-23,7:30p,CLE,,PHI,
0,2024-02-23,8:00p,PHO,,HOU,
0,2024-02-23,8:00p,LAC,,MEM,
0,2024-02-23,8:00p,MIL,,MIN,
0,2024-02-23,8:00p,WAS,,OKC,
0,2024-02-23,10:00p,CHO,,GSW,
0,2024-02-23,10:00p,MIA,,NOP,
0,2024-02-23,10:00p,DEN,,POR,
0,2024-02-23,10:30p,SAS,,LAL,
0,2024-02-24,8:00p,ORL,,DET,
0,2024-02-24,8:00p,BRK,,MIN,
0,2024-02-24,8:30p,BOS,,NYK,
0,2024-02-25,1:00p,MIL,,PHI,
0,2024-02-25,3:30p,LAL,,PHO,
0,2024-02-25,5:00p,DAL,,IND,
0,2024-02-25,6:00p,CLE,,WAS,
0,2024-02-25,7:00p,ORL,,ATL,
0,2024-02-25,7:00p,DEN,,GSW,
0,2024-02-25,7:00p,OKC,,HOU,
0,2024-02-25,7:00p,CHI,,NOP,
0,2024-02-25,8:00p,SAS,,UTA,
0,2024-02-25,9:00p,CHO,,POR,
0,2024-02-25,9:30p,SAC,,LAC,
0,2024-02-26,7:00p,NYK,,DET,
0,2024-02-26,7:00p,TOR,,IND,
0,2024-02-26,8:00p,BRK,,MEM,
0,2024-02-26,10:00p,MIA,,SAC,
0,2024-02-27,7:00p,DAL,,CLE,
0,2024-02-27,7:00p,BRK,,ORL,
0,2024-02-27,7:00p,GSW,,WAS,
0,2024-02-27,7:30p,UTA,,ATL,
0,2024-02-27,7:30p,PHI,,BOS,
0,2024-02-27,7:30p,SAS,,MIN,
0,2024-02-27,7:30p,NOP,,NYK,
0,2024-02-27,8:00p,DET,,CHI,
0,2024-02-27,8:00p,CHO,,MIL,
0,2024-02-27,8:00p,HOU,,OKC,
0,2024-02-27,10:00p,MIA,,POR,
0,2024-02-28,7:00p,NOP,,IND,
0,2024-02-28,7:30p,MEM,,MIN,
0,2024-02-28,7:30p,DAL,,TOR,
0,2024-02-28,8:00p,CLE,,CHI,
0,2024-02-28,9:00p,SAC,,DEN,
0,2024-02-28,10:00p,LAL,,LAC,
0,2024-02-29,7:00p,MIL,,CHO,
0,2024-02-29,7:00p,UTA,,ORL,
0,2024-02-29,7:30p,ATL,,BRK,
0,2024-02-29,7:30p,GSW,,NYK,
0,2024-02-29,8:30p,OKC,,SAS,
0,2024-02-29,9:00p,HOU,,PHO,
0,2024-02-29,10:00p,MIA,,DEN,
0,2024-02-29,10:30p,WAS,,LAL,
0,2024-03-01,7:00p,CLE,,DET,
0,2024-03-01,7:00p,CHO,,PHI,
0,2024-03-01,7:30p,DAL,,BOS,
0,2024-03-01,7:30p,GSW,,TOR,
0,2024-03-01,8:00p,POR,,MEM,
0,2024-03-01,8:00p,SAC,,MIN,
0,2024-03-01,8:00p,IND,,NOP,
0,2024-03-01,10:00p,MIL,,CHI,
0,2024-03-01,10:30p,WAS,,LAC,
0,2024-03-02,3:00p,ATL,,BRK,
0,2024-03-02,5:00p,UTA,,MIA,
0,2024-03-02,8:00p,POR,,MEM,
0,2024-03-02,8:30p,DEN,,LAL,
0,2024-03-02,9:00p,HOU,,PHO,
0,2024-03-03,1:00p,PHI,,DAL,
0,2024-03-03,3:30p,GSW,,BOS,
0,2024-03-03,3:30p,LAC,,MIN,
0,2024-03-03,6:00p,DET,,ORL,
0,2024-03-03,6:00p,CHO,,TOR,
0,2024-03-03,7:00p,NYK,,CLE,
0,2024-03-03,7:00p,IND,,SAS,
0,2024-03-03,9:30p,OKC,,PHO,
0,2024-03-04,7:30p,MEM,,BRK,
0,2024-03-04,8:00p,LAC,,MIL,
0,2024-03-04,8:00p,POR,,MIN,
0,2024-03-04,9:00p,WAS,,UTA,
0,2024-03-04,10:00p,CHI,,SAC,
0,2024-03-04,10:30p,OKC,,LAL,
0,2024-03-05,7:00p,ORL,,CHO,
0,2024-03-05,7:00p,BOS,,CLE,
0,2024-03-05,7:30p,PHI,,BRK,
0,2024-03-05,7:30p,DET,,MIA,
0,2024-03-05,7:30p,ATL,,NYK,
0,2024-03-05,7:30p,NOP,,TOR,
0,2024-03-05,8:00p,SAS,,HOU,
0,2024-03-05,8:30p,IND,,DAL,
0,2024-03-05,10:00p,PHO,,DEN,
0,2024-03-06,7:00p,ORL,,WAS,
0,2024-03-06,7:30p,CLE,,ATL,
0,2024-03-06,7:30p,MEM,,PHI,
0,2024-03-06,8:00p,LAC,,HOU,
0,2024-03-06,9:00p,CHI,,UTA,
0,2024-03-06,10:00p,MIL,,GSW,
0,2024-03-06,10:00p,OKC,,POR,
0,2024-03-06,10:30p,SAC,,LAL,
0,2024-03-07,7:00p,BRK,,DET,
0,2024-03-07,7:00p,MIN,,IND,
0,2024-03-07,7:30p,MIA,,DAL,
0,2024-03-07,9:00p,TOR,,PHO,
0,2024-03-07,10:00p,BOS,,DEN,
0,2024-03-07,10:00p,CHI,,GSW,
0,2024-03-07,10:00p,SAS,,SAC,
0,2024-03-08,7:00p,NOP,,PHI,
0,2024-03-08,7:00p,CHO,,WAS,
0,2024-03-08,7:30p,MIN,,CLE,
0,2024-03-08,7:30p,ATL,,MEM,
0,2024-03-08,7:30p,ORL,,NYK,
0,2024-03-08,8:00p,MIA,,OKC,
0,2024-03-08,10:00p,MIL,,LAL,
0,2024-03-08,10:00p,HOU,,POR,
0,2024-03-09,4:00p,CHI,,LAC,
0,2024-03-09,7:00p,BRK,,CHO,
0,2024-03-09,7:00p,DAL,,DET,
0,2024-03-09,8:30p,SAS,,GSW,
0,2024-03-09,8:30p,BOS,,PHO,
0,2024-03-09,10:00p,UTA,,DEN,
0,2024-03-09,10:00p,TOR,,POR,
0,2024-03-10,3:00p,MIL,,LAC,
0,2024-03-10,6:00p,NOP,,ATL,
0,2024-03-10,6:00p,WAS,,MIA,
0,2024-03-10,6:00p,PHI,,NYK,
0,2024-03-10,6:00p,IND,,ORL,
0,2024-03-10,6:00p,HOU,,SAC,
0,2024-03-10,7:00p,BRK,,CLE,
0,2024-03-10,7:00p,MEM,,OKC,
0,2024-03-10,9:30p,MIN,,LAL,
0,2024-03-11,7:00p,CHO,,DET,
0,2024-03-11,7:30p,PHO,,CLE,
0,2024-03-11,8:00p,DAL,,CHI,
0,2024-03-11,8:00p,GSW,,SAS,
0,2024-03-11,9:00p,TOR,,DEN,
0,2024-03-11,10:30p,BOS,,POR,
0,2024-03-12,7:30p,PHI,,NYK,
0,2024-03-12,8:00p,WAS,,MEM,
0,2024-03-12,8:00p,IND,,OKC,
0,2024-03-12,8:30p,HOU,,SAS,
0,2024-03-12,9:00p,BOS,,UTA,
0,2024-03-12,10:00p,MIN,,LAC,
0,2024-03-12,10:00p,MIL,,SAC,
0,2024-03-13,7:00p,TOR,,DET,
0,2024-03-13,7:00p,BRK,,ORL,
0,2024-03-13,7:30p,CHI,,IND,
0,2024-03-13,7:30p,DEN,,MIA,
0,2024-03-13,8:00p,CHO,,MEM,
0,2024-03-13,8:00p,CLE,,NOP,
0,2024-03-13,8:30p,GSW,,DAL,
0,2024-03-13,10:00p,ATL,,POR,
0,2024-03-13,10:00p,LAL,,SAC,
0,2024-03-14,7:30p,PHO,,BOS,
0,2024-03-14,8:00p,LAC,,CHI,
0,2024-03-14,8:00p,WAS,,HOU,
0,2024-03-14,8:00p,PHI,,MIL,
0,2024-03-14,10:00p,DAL,,OKC,
0,2024-03-14,10:00p,NYK,,POR,
0,2024-03-15,7:00p,PHO,,CHO,
0,2024-03-15,7:00p,MIA,,DET,
0,2024-03-15,7:30p,ORL,,TOR,
0,2024-03-15,8:00p,LAC,,NOP,
0,2024-03-15,8:30p,DEN,,SAS,
0,2024-03-15,9:30p,ATL,,UTA,
0,2024-03-16,5:00p,CLE,,HOU,
0,2024-03-16,7:00p,BRK,,IND,
0,2024-03-16,7:00p,POR,,NOP,
0,2024-03-16,7:00p,CHO,,PHI,
0,2024-03-16,8:00p,WAS,,CHI,
0,2024-03-16,8:00p,OKC,,MEM,
0,2024-03-16,8:30p,GSW,,LAL,
0,2024-03-16,9:30p,MIN,,UTA,
0,2024-03-16,10:00p,NYK,,SAC,
0,2024-03-17,1:00p,PHO,,MIL,
0,2024-03-17,3:00p,MIA,,DET,
0,2024-03-17,3:30p,DEN,,DAL,
0,2024-03-17,6:00p,TOR,,ORL,
0,2024-03-17,6:00p,BOS,,WAS,
0,2024-03-17,7:00p,BRK,,SAS,
0,2024-03-17,9:30p,ATL,,LAC,
0,2024-03-18,7:00p,CLE,,IND,
0,2024-03-18,7:30p,DET,,BOS,
0,2024-03-18,7:30p,MIA,,PHI,
0,2024-03-18,8:00p,POR,,CHI,
0,2024-03-18,9:00p,MIN,,UTA,
0,2024-03-18,10:00p,NYK,,GSW,
0,2024-03-18,10:00p,MEM,,SAC,
0,2024-03-18,10:30p,ATL,,LAL,
0,2024-03-19,7:00p,CHO,,ORL,
0,2024-03-19,7:00p,HOU,,WAS,
0,2024-03-19,7:30p,NOP,,BRK,
0,2024-03-19,8:00p,DAL,,SAS,
0,2024-03-19,9:00p,DEN,,MIN,
0,2024-03-20,7:00p,MIA,,CLE,
0,2024-03-20,7:00p,IND,,DET,
0,2024-03-20,7:30p,MIL,,BOS,
0,2024-03-20,7:30p,SAC,,TOR,
0,2024-03-20,8:00p,UTA,,OKC,
0,2024-03-20,10:00p,MEM,,GSW,
0,2024-03-20,10:00p,PHI,,PHO,
0,2024-03-20,10:00p,LAC,,POR,
0,2024-03-21,7:00p,NOP,,ORL,
0,2024-03-21,7:00p,SAC,,WAS,
0,2024-03-21,8:00p,CHI,,HOU,
0,2024-03-21,8:00p,BRK,,MIL,
0,2024-03-21,8:30p,UTA,,DAL,
0,2024-03-21,9:00p,NYK,,DEN,
0,2024-03-21,10:30p,ATL,,PHO,
0,2024-03-22,7:00p,BOS,,DET,
0,2024-03-22,7:00p,OKC,,TOR,
0,2024-03-22,8:00p,NOP,,MIA,
0,2024-03-22,8:00p,CLE,,MIN,
0,2024-03-22,8:00p,MEM,,SAS,
0,2024-03-22,10:00p,IND,,GSW,
0,2024-03-22,10:00p,LAC,,POR,
0,2024-03-22,10:30p,PHI,,LAL,
0,2024-03-23,1:00p,BRK,,NYK,
0,2024-03-23,7:00p,SAC,,ORL,
0,2024-03-23,7:30p,CHO,,ATL,
0,2024-03-23,8:00p,BOS,,CHI,
0,2024-03-23,8:00p,UTA,,HOU,
0,2024-03-23,8:00p,PHO,,SAS,
0,2024-03-23,8:00p,TOR,,WAS,
0,2024-03-23,10:00p,DEN,,POR,
0,2024-03-24,3:00p,NOP,,DET,
0,2024-03-24,3:30p,PHI,,LAC,
0,2024-03-24,6:00p,CLE,,MIA,
0,2024-03-24,7:00p,OKC,,MIL,
0,2024-03-24,7:00p,GSW,,MIN,
0,2024-03-24,10:00p,IND,,LAL,
0,2024-03-25,7:00p,CHO,,CLE,
0,2024-03-25,7:30p,BOS,,ATL,
0,2024-03-25,7:30p,DET,,NYK,
0,2024-03-25,7:30p,BRK,,TOR,
0,2024-03-25,8:00p,WAS,,CHI,
0,2024-03-25,8:00p,POR,,HOU,
0,2024-03-25,8:00p,PHO,,SAS,
0,2024-03-25,9:00p,MEM,,DEN,
0,2024-03-25,9:00p,DAL,,UTA,
0,2024-03-25,10:00p,PHI,,SAC,
0,2024-03-25,10:30p,IND,,LAC,
0,2024-03-26,7:30p,GSW,,MIA,
0,2024-03-26,7:30p,LAL,,MIL,
0,2024-03-26,8:00p,OKC,,NOP,
0,2024-03-26,10:00p,DAL,,SAC,
0,2024-03-27,7:00p,CLE,,CHO,
0,2024-03-27,7:00p,GSW,,ORL,
0,2024-03-27,7:00p,BRK,,WAS,
0,2024-03-27,7:30p,POR,,ATL,
0,2024-03-27,7:30p,LAC,,PHI,
0,2024-03-27,7:30p,NYK,,TOR,
0,2024-03-27,8:00p,IND,,CHI,
0,2024-03-27,8:00p,LAL,,MEM,
0,2024-03-27,8:00p,DET,,MIN,
0,2024-03-27,8:00p,HOU,,OKC,
0,2024-03-27,9:00p,SAS,,UTA,
0,2024-03-27,10:00p,PHO,,DEN,
0,2024-03-28,7:30p,BOS,,ATL,
0,2024-03-28,8:00p,MIL,,NOP,
0,2024-03-29,7:00p,GSW,,CHO,
0,2024-03-29,7:00p,LAL,,IND,
0,2024-03-29,7:00p,LAC,,ORL,
0,2024-03-29,7:00p,DET,,WAS,
0,2024-03-29,7:30p,CHI,,BRK,
0,2024-03-29,7:30p,PHI,,CLE,
0,2024-03-29,8:00p,POR,,MIA,
0,2024-03-29,8:00p,PHO,,OKC,
0,2024-03-29,8:00p,NYK,,SAS,
0,2024-03-29,9:00p,MIN,,DEN,
0,2024-03-29,9:30p,HOU,,UTA,
0,2024-03-29,10:00p,DAL,,SAC,
0,2024-03-30,5:00p,BOS,,NOP,
0,2024-03-30,7:00p,MEM,,ORL,
0,2024-03-30,7:30p,MIL,,ATL,
0,2024-03-31,3:30p,CLE,,DEN,
0,2024-03-31,6:00p,LAL,,BRK,
0,2024-03-31,6:00p,LAC,,CHO,
0,2024-03-31,6:00p,PHI,,TOR,
0,2024-03-31,6:00p,MIA,,WAS,
0,2024-03-31,7:00p,DAL,,HOU,
0,2024-03-31,7:00p,CHI,,MIN,
0,2024-03-31,7:00p,OKC,,NYK,
0,2024-03-31,7:00p,GSW,,SAS,
0,2024-03-31,9:00p,UTA,,SAC,
0,2024-04-01,7:00p,BOS,,CHO,
0,2024-04-01,7:00p,MEM,,DET,
0,2024-04-01,7:00p,BRK,,IND,
0,2024-04-01,7:00p,POR,,ORL,
0,2024-04-01,8:00p,ATL,,CHI,
0,2024-04-01,8:00p,PHO,,NOP,
0,2024-04-02,7:00p,OKC,,PHI,
0,2024-04-02,7:00p,LAL,,TOR,
0,2024-04-02,7:00p,MIL,,WAS,
0,2024-04-02,7:30p,GSW,,DAL,
0,2024-04-02,7:30p,NYK,,MIA,
0,2024-04-02,8:00p,HOU,,MIN,
0,2024-04-02,9:00p,SAS,,DEN,
0,2024-04-02,9:00p,CLE,,UTA,
0,2024-04-02,10:00p,LAC,,SAC,
0,2024-04-03,7:00p,POR,,CHO,
0,2024-04-03,7:00p,LAL,,WAS,
0,2024-04-03,7:30p,DET,,ATL,
0,2024-04-03,7:30p,OKC,,BOS,
0,2024-04-03,7:30p,IND,,BRK,
0,2024-04-03,7:30p,MEM,,MIL,
0,2024-04-03,8:00p,TOR,,MIN,
0,2024-04-03,8:00p,ORL,,NOP,
0,2024-04-03,10:00p,CLE,,PHO,
0,2024-04-04,7:30p,PHI,,MIA,
0,2024-04-04,7:30p,SAC,,NYK,
0,2024-04-04,8:00p,GSW,,HOU,
0,2024-04-04,10:00p,DEN,,LAC,
0,2024-04-05,7:00p,ORL,,CHO,
0,2024-04-05,7:00p,OKC,,IND,
0,2024-04-05,7:00p,POR,,WAS,
0,2024-04-05,7:30p,SAC,,BOS,
0,2024-04-05,8:00p,NYK,,CHI,
0,2024-04-05,8:00p,MIA,,HOU,
0,2024-04-05,8:00p,DET,,MEM,
0,2024-04-05,8:00p,TOR,,MIL,
0,2024-04-05,8:00p,SAS,,NOP,
0,2024-04-05,8:30p,ATL,,DAL,
0,2024-04-05,10:00p,MIN,,PHO,
0,2024-04-05,10:30p,UTA,,LAC,
0,2024-04-06,3:30p,CLE,,LAL,
0,2024-04-06,7:00p,DET,,BRK,
0,2024-04-06,8:00p,PHI,,MEM,
0,2024-04-06,9:00p,ATL,,DEN,
0,2024-04-07,3:30p,HOU,,DAL,
0,2024-04-07,3:30p,CLE,,LAC,
0,2024-04-07,5:00p,MIA,,IND,
0,2024-04-07,6:00p,POR,,BOS,
0,2024-04-07,6:00p,OKC,,CHO,
0,2024-04-07,6:00p,CHI,,ORL,
0,2024-04-07,6:00p,NOP,,PHO,
0,2024-04-07,6:00p,WAS,,TOR,
0,2024-04-07,7:00p,NYK,,MIL,
0,2024-04-07,7:00p,PHI,,SAS,
0,2024-04-07,7:30p,SAC,,BRK,
0,2024-04-07,8:30p,UTA,,GSW,
0,2024-04-07,10:00p,MIN,,LAL,
0,2024-04-09,7:00p,DAL,,CHO,
0,2024-04-09,7:00p,DET,,PHI,
0,2024-04-09,7:00p,IND,,TOR,
0,2024-04-09,7:30p,MIA,,ATL,
0,2024-04-09,7:30p,BOS,,MIL,
0,2024-04-09,8:00p,NYK,,CHI,
0,2024-04-09,8:00p,ORL,,HOU,
0,2024-04-09,8:00p,SAS,,MEM,
0,2024-04-09,8:00p,WAS,,MIN,
0,2024-04-09,8:00p,SAC,,OKC,
0,2024-04-09,9:00p,DEN,,UTA,
0,2024-04-09,10:00p,GSW,,LAL,
0,2024-04-09,10:00p,LAC,,PHO,
0,2024-04-09,10:00p,NOP,,POR,
0,2024-04-10,7:00p,MEM,,CLE,
0,2024-04-10,7:30p,CHO,,ATL,
0,2024-04-10,7:30p,TOR,,BRK,
0,2024-04-10,7:30p,DAL,,MIA,
0,2024-04-10,8:00p,ORL,,MIL,
0,2024-04-10,8:00p,SAS,,OKC,
0,2024-04-10,10:00p,MIN,,DEN,
0,2024-04-10,10:30p,PHO,,LAC,
0,2024-04-11,7:00p,CHI,,DET,
0,2024-04-11,7:30p,NYK,,BOS,
0,2024-04-11,9:00p,HOU,,UTA,
0,2024-04-11,10:00p,GSW,,POR,
0,2024-04-11,10:00p,NOP,,SAC,
0,2024-04-12,7:00p,ORL,,PHI,
0,2024-04-12,7:00p,CHI,,WAS,
0,2024-04-12,7:30p,CHO,,BOS,
0,2024-04-12,7:30p,IND,,CLE,
0,2024-04-12,7:30p,BRK,,NYK,
0,2024-04-12,8:00p,LAL,,MEM,
0,2024-04-12,8:00p,TOR,,MIA,
0,2024-04-12,8:00p,ATL,,MIN,
0,2024-04-12,8:00p,MIL,,OKC,
0,2024-04-12,8:00p,DEN,,SAS,
0,2024-04-12,8:30p,DET,,DAL,
0,2024-04-12,10:00p,NOP,,GSW,
0,2024-04-12,10:00p,HOU,,POR,
0,2024-04-12,10:30p,UTA,,LAC,
0,2024-04-12,10:30p,PHO,,SAC,
0,2024-04-14,1:00p,WAS,,BOS,
0,2024-04-14,1:00p,CHO,,CLE,
0,2024-04-14,1:00p,ATL,,IND,
0,2024-04-14,1:00p,TOR,,MIA,
0,2024-04-14,1:00p,CHI,,NYK,
0,2024-04-14,1:00p,MIL,,ORL,
0,2024-04-14,1:00p,BRK,,PHI,
0,2024-04-14,3:30p,UTA,,GSW,
0,2024-04-14,3:30p,HOU,,LAC,
0,2024-04-14,3:30p,DEN,,MEM,
0,2024-04-14,3:30p,PHO,,MIN,
0,2024-04-14,3:30p,LAL,,NOP,
0,2024-04-14,3:30p,DAL,,OKC,
0,2024-04-14,3:30p,POR,,SAC,
0,2024-04-14,3:30p,DET,,SAS,
